transaction_id,amount,failure_reason,prior_successful_payments,prior_failed_payments,prior_recovery_attempts,hours_since_failure,active_promise_to_pay,contact_count_last_7_days,is_quiet_hours,action_taken,recovered
LOG-00000,2081.22,card_declined,8,1,3,9.5,False,2,False,reminder,0
LOG-00001,15198.81,insufficient_funds,2,3,1,9.7,False,1,False,reminder,0
LOG-00002,3070.6,card_declined,6,0,3,10.8,True,1,False,reminder,0
LOG-00003,1582.42,insufficient_funds,2,0,1,27.7,False,1,False,reminder,0
LOG-00004,3073.58,card_declined,2,0,1,5.6,False,0,False,reminder,0
LOG-00005,4002.05,insufficient_funds,2,3,3,64.3,False,0,False,reminder,0
LOG-00006,7022.48,insufficient_funds,6,1,1,81.9,False,2,False,reminder,0
LOG-00007,3244.26,card_declined,6,1,0,0.9,False,1,False,retry,0
LOG-00008,2161.62,network_error,6,0,1,23.0,False,0,False,reminder,0
LOG-00009,6120.4,expired_card,2,5,0,19.9,True,1,False,wait,0
LOG-00010,6888.27,insufficient_funds,4,1,2,4.5,False,0,False,reminder,0
LOG-00011,18720.94,insufficient_funds,5,1,1,42.0,True,1,True,wait,0
LOG-00012,4176.94,expired_card,5,0,2,24.7,False,0,False,reminder,0
LOG-00013,27686.43,insufficient_funds,5,0,1,3.4,False,0,False,reminder,1
LOG-00014,7875.71,expired_card,1,0,0,20.8,False,1,False,retry,1
LOG-00015,16173.72,insufficient_funds,4,1,0,80.3,True,5,False,wait,1
LOG-00016,1060.12,card_declined,5,1,0,35.9,False,1,False,retry,0
LOG-00017,15855.11,insufficient_funds,8,0,2,73.7,True,1,False,reminder,0
LOG-00018,24740.82,card_declined,5,2,2,20.2,True,0,True,wait,0
LOG-00019,13357.38,card_declined,6,0,0,17.7,False,2,False,retry,0
LOG-00020,991.01,card_declined,5,2,2,2.1,False,1,False,reminder,0
LOG-00021,4106.76,network_error,4,1,0,6.5,False,1,True,retry,1
LOG-00022,19026.46,expired_card,6,2,0,35.1,False,1,False,retry,0
LOG-00023,2881.6,bank_timeout,3,2,0,53.3,False,1,True,retry,1
LOG-00024,5768.63,insufficient_funds,7,0,0,11.0,False,1,False,retry,0
LOG-00025,3271.23,expired_card,2,1,1,3.2,False,1,False,reminder,0
LOG-00026,3691.36,insufficient_funds,10,0,1,11.2,False,1,False,reminder,0
LOG-00027,5428.82,insufficient_funds,3,3,2,11.2,False,0,True,reminder,0
LOG-00028,1917.69,bank_timeout,5,2,0,1.4,False,0,False,retry,1
LOG-00029,9965.15,insufficient_funds,5,1,0,24.3,False,2,False,retry,0
LOG-00030,10294.99,insufficient_funds,4,2,0,124.7,False,0,False,retry,0
LOG-00031,30372.68,expired_card,11,2,3,22.1,False,0,False,escalate,0
LOG-00032,6218.45,expired_card,8,1,0,47.3,False,2,False,retry,0
LOG-00033,19199.56,insufficient_funds,0,2,1,42.1,False,1,False,reminder,0
LOG-00034,9092.97,bank_timeout,3,3,1,53.1,False,0,False,reminder,1
LOG-00035,16523.17,card_declined,2,0,1,46.6,False,1,False,reminder,0
LOG-00036,7481.5,network_error,7,0,1,14.3,False,2,False,reminder,0
LOG-00037,517.09,insufficient_funds,4,1,0,3.2,False,0,False,retry,0
LOG-00038,8591.67,card_declined,1,1,1,5.9,True,0,False,wait,1
LOG-00039,10586.31,insufficient_funds,6,2,0,63.0,False,0,True,retry,0
LOG-00040,519.43,insufficient_funds,1,0,0,57.2,False,1,False,retry,0
LOG-00041,9291.97,insufficient_funds,9,2,1,9.3,True,0,False,reminder,1
LOG-00042,4538.13,bank_timeout,4,0,2,5.7,False,2,False,payment_link,0
LOG-00043,2111.08,card_declined,3,1,1,39.4,False,1,False,reminder,0
LOG-00044,6710.66,card_declined,1,2,0,19.7,False,1,True,retry,0
LOG-00045,30865.26,insufficient_funds,8,3,0,59.8,False,2,False,retry,0
LOG-00046,7517.33,insufficient_funds,6,0,0,6.7,True,2,False,wait,1
LOG-00047,3940.38,network_error,2,3,0,66.4,False,3,True,retry,0
LOG-00048,14035.42,card_declined,4,0,0,85.4,False,0,False,retry,0
LOG-00049,7310.25,card_declined,4,0,1,9.7,False,2,False,reminder,0
LOG-00050,7694.98,card_declined,8,0,0,59.1,False,1,False,retry,1
LOG-00051,7923.03,insufficient_funds,6,3,0,3.7,False,2,False,retry,0
LOG-00052,12386.44,insufficient_funds,2,1,0,6.5,False,0,False,retry,0
LOG-00053,8993.99,card_declined,6,2,2,93.8,False,1,False,reminder,0
LOG-00054,7178.48,insufficient_funds,7,0,2,7.4,False,1,False,payment_link,1
LOG-00055,7983.73,card_declined,8,1,2,62.9,False,0,False,reminder,0
LOG-00056,5532.24,card_declined,11,1,1,7.5,False,2,True,reminder,0
LOG-00057,18379.9,expired_card,4,1,0,20.2,False,0,True,retry,1
LOG-00058,23841.56,expired_card,5,1,4,30.6,False,1,True,reminder,0
LOG-00059,6988.59,insufficient_funds,8,1,0,0.4,True,0,False,wait,0
LOG-00060,5101.18,card_declined,6,1,0,43.6,False,0,False,retry,0
LOG-00061,12870.04,insufficient_funds,2,0,1,17.8,False,0,False,reminder,0
LOG-00062,3416.65,expired_card,4,2,1,12.8,False,0,False,reminder,0
LOG-00063,1240.93,network_error,5,0,0,38.9,False,1,False,retry,1
LOG-00064,3022.4,insufficient_funds,4,0,0,17.0,False,0,False,retry,0
LOG-00065,518.12,insufficient_funds,5,0,0,48.4,False,1,False,retry,0
LOG-00066,8695.29,insufficient_funds,7,2,1,6.0,False,1,False,reminder,0
LOG-00067,3034.4,expired_card,8,1,1,11.6,False,1,False,reminder,0
LOG-00068,24836.52,card_declined,6,0,0,1.1,False,1,False,retry,0
LOG-00069,1871.79,network_error,5,2,3,17.7,True,1,False,reminder,0
LOG-00070,16161.93,insufficient_funds,5,1,1,29.9,False,1,False,reminder,1
LOG-00071,2213.03,card_declined,3,4,2,0.4,False,2,False,reminder,1
LOG-00072,3812.49,card_declined,3,1,2,3.7,False,0,True,payment_link,1
LOG-00073,5400.16,insufficient_funds,13,1,0,11.0,False,0,False,retry,1
LOG-00074,4007.53,insufficient_funds,4,2,0,8.0,False,2,False,retry,0
LOG-00075,19954.03,expired_card,4,2,2,118.7,False,0,False,payment_link,1
LOG-00076,1223.31,insufficient_funds,4,2,1,82.9,True,2,False,wait,0
LOG-00077,1179.52,expired_card,9,2,1,2.1,False,2,False,reminder,0
LOG-00078,1245.13,insufficient_funds,3,3,0,1.6,False,0,False,retry,1
LOG-00079,4707.28,insufficient_funds,8,1,0,0.9,False,0,False,retry,1
LOG-00080,8564.32,card_declined,11,0,1,56.7,False,0,False,reminder,0
LOG-00081,1025.51,insufficient_funds,8,1,0,110.3,False,2,True,retry,0
LOG-00082,5039.84,network_error,5,1,1,27.7,False,1,True,reminder,0
LOG-00083,471.38,insufficient_funds,2,1,1,27.8,False,1,False,reminder,0
LOG-00084,19112.94,insufficient_funds,6,1,0,64.7,False,1,False,retry,0
LOG-00085,5957.59,network_error,5,0,2,23.9,False,0,False,reminder,0
LOG-00086,1105.32,card_declined,9,0,0,105.2,False,0,False,retry,0
LOG-00087,6515.61,network_error,10,2,1,26.9,False,1,False,reminder,0
LOG-00088,9322.76,network_error,3,2,0,0.9,False,1,False,retry,0
LOG-00089,6228.1,card_declined,6,0,3,50.4,False,0,False,reminder,0
LOG-00090,1214.77,insufficient_funds,5,0,0,59.2,True,0,False,wait,0
LOG-00091,21534.11,network_error,7,1,0,8.6,False,1,False,retry,1
LOG-00092,1707.6,card_declined,7,1,2,7.5,True,0,False,payment_link,1
LOG-00093,14900.79,card_declined,9,1,2,5.3,False,0,True,reminder,0
LOG-00094,3624.87,card_declined,2,1,1,66.0,False,2,False,reminder,0
LOG-00095,11620.54,bank_timeout,6,3,2,78.0,False,0,False,reminder,0
LOG-00096,5078.11,card_declined,4,0,2,1.6,False,0,False,payment_link,1
LOG-00097,13685.59,network_error,3,1,1,0.6,False,2,False,reminder,0
LOG-00098,3112.53,insufficient_funds,6,0,0,7.8,False,2,False,retry,0
LOG-00099,3133.89,network_error,2,0,1,64.1,False,1,False,reminder,1
LOG-00100,13724.06,network_error,9,1,1,15.6,False,0,False,reminder,0
LOG-00101,2204.78,bank_timeout,5,2,0,2.9,False,1,True,retry,1
LOG-00102,5792.51,card_declined,4,3,2,3.7,False,1,False,payment_link,1
LOG-00103,6107.5,insufficient_funds,2,1,1,37.7,False,1,False,reminder,1
LOG-00104,6659.75,expired_card,4,1,2,19.8,False,0,False,reminder,0
LOG-00105,5763.49,card_declined,3,1,2,10.4,False,3,False,reminder,0
LOG-00106,1819.47,insufficient_funds,6,1,1,2.7,False,1,False,reminder,0
LOG-00107,7090.07,network_error,3,1,0,18.7,False,3,True,retry,1
LOG-00108,1203.62,insufficient_funds,2,1,0,11.8,True,0,True,wait,1
LOG-00109,3077.96,insufficient_funds,2,0,3,80.2,False,2,False,reminder,0
LOG-00110,2212.43,insufficient_funds,3,1,3,13.1,True,0,False,wait,0
LOG-00111,2910.93,card_declined,6,1,0,11.0,False,4,False,retry,0
LOG-00112,5582.34,insufficient_funds,5,0,2,40.8,True,2,False,wait,1
LOG-00113,889.6,bank_timeout,4,2,0,38.0,False,1,True,retry,1
LOG-00114,1803.75,expired_card,2,1,1,83.2,False,0,False,reminder,1
LOG-00115,4984.42,card_declined,2,1,0,23.0,False,1,False,retry,0
LOG-00116,4970.51,card_declined,6,0,1,82.0,False,1,False,reminder,0
LOG-00117,1357.08,expired_card,2,2,0,4.6,True,2,False,retry,0
LOG-00118,15766.96,bank_timeout,2,1,0,17.9,False,1,False,retry,1
LOG-00119,3966.84,card_declined,5,1,0,63.1,True,0,False,wait,0
LOG-00120,9872.3,card_declined,5,1,1,7.6,True,0,True,reminder,0
LOG-00121,2018.24,insufficient_funds,3,0,0,36.8,False,1,False,retry,1
LOG-00122,17288.19,insufficient_funds,6,1,1,8.7,False,0,False,reminder,1
LOG-00123,14037.65,insufficient_funds,4,0,2,58.4,False,0,True,reminder,0
LOG-00124,16469.49,bank_timeout,4,3,1,42.9,False,0,False,reminder,1
LOG-00125,3447.15,expired_card,4,0,1,2.1,False,2,False,reminder,0
LOG-00126,4091.65,card_declined,8,1,1,30.2,False,2,False,reminder,0
LOG-00127,2333.25,insufficient_funds,5,1,2,38.1,False,1,False,payment_link,1
LOG-00128,1885.58,insufficient_funds,4,1,1,28.3,False,0,True,reminder,0
LOG-00129,8443.32,bank_timeout,5,3,0,38.0,False,1,True,retry,1
LOG-00130,4994.68,bank_timeout,4,0,1,3.9,False,3,False,reminder,1
LOG-00131,4903.72,bank_timeout,4,1,1,12.8,False,0,False,reminder,0
LOG-00132,16609.42,expired_card,3,0,1,25.1,False,1,True,reminder,0
LOG-00133,8463.36,insufficient_funds,3,2,2,23.0,True,0,True,wait,1
LOG-00134,7388.86,expired_card,6,1,2,3.7,False,0,True,reminder,0
LOG-00135,7627.51,insufficient_funds,7,5,2,16.2,False,0,False,reminder,0
LOG-00136,2136.1,bank_timeout,5,3,3,13.5,False,1,False,escalate,1
LOG-00137,11200.58,card_declined,5,2,1,18.8,False,1,False,reminder,0
LOG-00138,5378.46,bank_timeout,5,1,1,25.6,False,2,False,reminder,0
LOG-00139,5782.05,network_error,9,2,0,4.5,False,1,False,retry,0
LOG-00140,9809.07,insufficient_funds,5,2,0,52.9,False,0,False,retry,0
LOG-00141,848.55,insufficient_funds,4,1,0,12.8,False,1,False,retry,0
LOG-00142,7334.25,bank_timeout,6,0,2,1.0,False,1,False,reminder,0
LOG-00143,867.3,expired_card,2,0,1,83.0,False,1,False,reminder,0
LOG-00144,13622.95,expired_card,9,1,0,6.8,False,0,False,retry,1
LOG-00145,10406.11,insufficient_funds,2,1,1,63.7,False,1,False,reminder,0
LOG-00146,1788.5,insufficient_funds,7,1,1,4.2,False,0,True,reminder,0
LOG-00147,2582.31,card_declined,8,1,1,0.8,False,2,False,reminder,1
LOG-00148,4950.32,insufficient_funds,2,0,1,2.4,False,0,False,reminder,1
LOG-00149,1815.85,card_declined,3,4,1,8.8,False,0,False,reminder,0
LOG-00150,20556.22,network_error,5,2,0,2.9,False,1,True,retry,1
LOG-00151,1679.72,insufficient_funds,7,2,0,0.6,False,0,False,retry,0
LOG-00152,4473.76,insufficient_funds,7,2,0,23.7,False,1,False,retry,0
LOG-00153,3026.04,expired_card,4,1,3,37.9,False,0,True,reminder,0
LOG-00154,1273.57,expired_card,2,3,1,8.7,False,0,False,reminder,1
LOG-00155,4306.58,network_error,4,0,1,12.0,False,2,False,reminder,0
LOG-00156,5055.98,insufficient_funds,4,2,1,22.6,True,0,False,wait,0
LOG-00157,24004.67,insufficient_funds,8,3,1,20.9,False,0,False,reminder,0
LOG-00158,10297.24,insufficient_funds,4,5,2,45.3,False,1,False,reminder,0
LOG-00159,10257.18,insufficient_funds,6,1,0,40.5,False,1,False,retry,0
LOG-00160,7984.87,insufficient_funds,7,1,0,10.7,False,0,True,retry,1
LOG-00161,6351.79,insufficient_funds,5,3,1,15.2,False,2,False,reminder,1
LOG-00162,3069.22,insufficient_funds,3,1,0,42.2,False,0,False,retry,0
LOG-00163,10734.1,card_declined,2,3,2,0.3,False,1,False,payment_link,1
LOG-00164,5916.58,card_declined,4,0,2,7.7,False,4,False,reminder,1
LOG-00165,3914.61,insufficient_funds,2,3,1,6.0,False,2,True,reminder,0
LOG-00166,4667.75,bank_timeout,4,1,0,28.1,False,0,False,retry,0
LOG-00167,9201.39,insufficient_funds,3,4,0,62.3,True,0,False,wait,0
LOG-00168,14165.33,card_declined,3,0,2,45.7,False,2,False,reminder,0
LOG-00169,1763.09,card_declined,2,0,2,34.1,False,2,False,reminder,0
LOG-00170,22244.96,insufficient_funds,4,0,0,90.3,False,1,False,retry,0
LOG-00171,2113.69,expired_card,2,0,1,6.4,False,1,False,reminder,0
LOG-00172,6839.84,insufficient_funds,1,1,2,53.6,False,0,False,reminder,0
LOG-00173,595.89,card_declined,3,0,0,36.6,False,2,False,retry,0
LOG-00174,4624.28,card_declined,4,2,1,0.6,False,1,False,reminder,0
LOG-00175,2514.94,bank_timeout,6,0,2,0.7,True,1,True,reminder,0
LOG-00176,8006.36,insufficient_funds,4,1,1,27.9,False,0,False,reminder,1
LOG-00177,17324.03,card_declined,4,4,1,23.6,False,0,False,reminder,1
LOG-00178,4874.24,insufficient_funds,3,2,2,28.9,False,1,False,reminder,1
LOG-00179,3788.67,network_error,7,1,1,66.8,False,1,False,reminder,0
LOG-00180,12637.4,card_declined,7,2,3,34.3,True,2,False,reminder,0
LOG-00181,3537.16,network_error,11,1,1,3.7,True,0,False,wait,0
LOG-00182,1235.01,card_declined,3,3,0,60.1,False,2,False,retry,0
LOG-00183,1462.1,card_declined,10,2,1,35.3,False,1,False,reminder,0
LOG-00184,2629.04,bank_timeout,9,1,0,33.8,False,1,False,retry,1
LOG-00185,1957.74,insufficient_funds,2,0,0,37.0,False,2,False,retry,1
LOG-00186,14030.0,card_declined,8,2,0,5.4,False,0,False,retry,0
LOG-00187,5504.77,card_declined,2,1,0,8.9,False,1,False,retry,1
LOG-00188,6902.52,network_error,2,2,0,21.8,False,0,False,retry,1
LOG-00189,59440.96,insufficient_funds,7,1,0,29.7,False,0,True,retry,0
LOG-00190,2285.88,insufficient_funds,3,0,2,1.2,False,1,False,reminder,1
LOG-00191,6231.29,bank_timeout,13,2,1,17.7,False,3,False,reminder,0
LOG-00192,4988.48,insufficient_funds,5,2,1,12.9,True,1,False,wait,1
LOG-00193,2472.69,card_declined,5,0,0,38.7,False,3,False,retry,0
LOG-00194,2015.19,expired_card,4,2,3,4.4,False,0,True,reminder,0
LOG-00195,10605.71,insufficient_funds,3,0,0,14.9,False,3,True,retry,1
LOG-00196,1004.76,bank_timeout,7,1,2,45.5,False,1,False,payment_link,0
LOG-00197,7310.24,insufficient_funds,3,2,2,20.5,False,0,False,reminder,1
LOG-00198,7784.58,insufficient_funds,5,1,1,46.6,False,0,False,reminder,1
LOG-00199,3378.58,expired_card,2,1,1,74.0,False,0,False,reminder,0
LOG-00200,7356.77,insufficient_funds,4,2,1,32.0,False,1,False,reminder,0
LOG-00201,1595.24,network_error,7,1,1,36.6,False,0,False,reminder,0
LOG-00202,4473.89,card_declined,5,1,0,5.0,True,0,True,wait,0
LOG-00203,883.81,bank_timeout,3,3,0,48.2,True,0,False,wait,1
LOG-00204,3014.89,insufficient_funds,3,1,1,2.2,False,0,True,reminder,0
LOG-00205,993.77,bank_timeout,3,1,0,35.3,True,0,False,wait,1
LOG-00206,3581.85,expired_card,5,1,1,9.5,False,1,False,reminder,1
LOG-00207,10459.35,network_error,3,0,0,13.4,False,1,False,retry,1
LOG-00208,4721.61,bank_timeout,4,2,1,30.0,False,0,False,reminder,0
LOG-00209,6120.52,insufficient_funds,11,0,1,43.7,False,0,False,reminder,0
LOG-00210,2638.57,card_declined,1,1,1,27.9,False,0,False,reminder,0
LOG-00211,12030.72,card_declined,3,2,0,10.0,False,1,False,retry,1
LOG-00212,1265.72,network_error,7,2,0,22.8,False,3,False,retry,1
LOG-00213,4117.44,card_declined,8,3,1,3.6,False,0,False,reminder,0
LOG-00214,5892.48,insufficient_funds,5,1,1,56.5,False,1,True,reminder,0
LOG-00215,5227.09,insufficient_funds,12,3,0,10.5,True,1,False,wait,1
LOG-00216,8593.58,insufficient_funds,3,1,2,9.1,False,1,False,payment_link,1
LOG-00217,3625.29,insufficient_funds,4,0,0,57.8,False,0,False,retry,0
LOG-00218,3979.41,expired_card,3,0,1,34.2,False,1,False,reminder,0
LOG-00219,2808.2,card_declined,1,1,0,80.3,True,0,False,retry,0
LOG-00220,6881.72,network_error,11,1,0,14.1,False,0,False,retry,1
LOG-00221,17633.05,network_error,6,0,0,3.7,False,1,False,retry,0
LOG-00222,3485.84,expired_card,2,0,1,50.3,False,0,False,reminder,0
LOG-00223,34549.18,network_error,7,0,1,15.1,True,1,False,reminder,1
LOG-00224,1722.29,bank_timeout,3,0,1,26.5,False,1,True,reminder,0
LOG-00225,15049.3,expired_card,5,1,1,2.3,False,1,False,reminder,1
LOG-00226,3868.03,insufficient_funds,4,0,1,4.7,False,2,True,reminder,0
LOG-00227,3154.64,card_declined,6,1,3,11.7,False,0,False,escalate,1
LOG-00228,2858.12,expired_card,5,0,1,24.5,False,0,True,reminder,0
LOG-00229,8754.58,insufficient_funds,4,2,0,2.0,False,2,False,retry,0
LOG-00230,1136.23,insufficient_funds,4,2,0,56.2,False,0,False,retry,0
LOG-00231,1038.25,expired_card,4,1,1,9.6,False,2,False,reminder,0
LOG-00232,5898.12,card_declined,4,1,2,32.9,False,2,False,reminder,0
LOG-00233,4293.45,card_declined,5,2,0,22.3,False,0,True,retry,0
LOG-00234,8340.08,network_error,8,2,0,4.6,False,0,True,retry,1
LOG-00235,19937.66,insufficient_funds,5,0,1,29.7,False,1,False,reminder,1
LOG-00236,55640.56,network_error,5,2,1,9.6,False,0,False,reminder,0
LOG-00237,1863.44,card_declined,12,0,2,79.8,False,3,False,payment_link,0
LOG-00238,11038.2,expired_card,6,1,1,20.4,True,2,True,wait,1
LOG-00239,29561.61,insufficient_funds,3,1,0,0.1,False,0,False,retry,0
LOG-00240,5634.46,insufficient_funds,5,0,1,54.0,False,2,True,reminder,0
LOG-00241,8112.88,insufficient_funds,5,0,0,8.9,False,0,False,retry,1
LOG-00242,17819.81,card_declined,9,2,1,12.1,False,0,False,reminder,1
LOG-00243,11715.91,bank_timeout,2,1,0,16.3,False,0,False,retry,1
LOG-00244,35989.66,card_declined,4,1,0,21.6,False,0,False,retry,0
LOG-00245,7248.51,insufficient_funds,2,1,0,2.3,True,0,False,retry,1
LOG-00246,5825.64,expired_card,7,2,2,25.6,False,2,True,reminder,1
LOG-00247,379.65,expired_card,3,2,3,24.8,True,0,False,wait,1
LOG-00248,14870.87,card_declined,5,2,1,7.3,False,2,True,reminder,0
LOG-00249,2804.84,card_declined,7,0,1,8.0,False,1,False,reminder,1
LOG-00250,6801.18,expired_card,4,1,0,6.2,False,0,False,retry,1
LOG-00251,6326.16,expired_card,4,0,2,14.5,False,0,False,reminder,0
LOG-00252,7101.14,network_error,7,0,1,8.6,True,1,False,wait,1
LOG-00253,5260.44,expired_card,7,0,0,44.4,False,0,False,retry,1
LOG-00254,4844.82,card_declined,9,0,0,37.8,False,1,False,retry,0
LOG-00255,2509.11,bank_timeout,5,1,1,25.6,False,2,False,reminder,0
LOG-00256,5928.15,card_declined,5,1,0,17.5,False,0,False,retry,1
LOG-00257,2581.83,bank_timeout,5,1,0,102.0,False,0,True,retry,0
LOG-00258,3151.68,card_declined,4,2,1,1.1,False,0,False,reminder,1
LOG-00259,1632.49,insufficient_funds,5,0,1,8.0,False,1,False,reminder,0
LOG-00260,7022.74,expired_card,7,0,1,7.2,False,0,False,reminder,1
LOG-00261,21932.1,insufficient_funds,3,1,1,24.7,False,0,False,reminder,0
LOG-00262,3772.83,bank_timeout,3,0,0,12.0,False,0,False,retry,1
LOG-00263,2531.71,card_declined,6,1,0,2.6,False,0,False,retry,0
LOG-00264,5977.86,expired_card,6,4,0,14.4,False,0,False,retry,0
LOG-00265,3797.31,card_declined,6,1,1,13.1,False,0,False,reminder,0
LOG-00266,1931.51,network_error,4,2,0,76.1,False,0,False,retry,0
LOG-00267,4662.37,insufficient_funds,5,1,0,44.7,False,0,False,retry,1
LOG-00268,5700.01,insufficient_funds,5,1,2,4.2,True,1,False,wait,0
LOG-00269,3046.76,network_error,2,2,2,59.9,False,0,False,reminder,1
LOG-00270,1852.26,card_declined,3,0,1,32.4,False,1,False,reminder,1
LOG-00271,24494.38,card_declined,2,1,0,17.4,True,0,False,retry,0
LOG-00272,2421.64,insufficient_funds,4,1,0,3.7,False,1,False,retry,0
LOG-00273,7795.88,card_declined,3,3,1,2.2,False,0,True,reminder,0
LOG-00274,24742.6,network_error,10,2,2,26.2,False,1,False,reminder,0
LOG-00275,4537.6,expired_card,4,2,0,14.3,False,0,False,retry,0
LOG-00276,5277.96,network_error,2,2,0,1.0,False,0,False,retry,1
LOG-00277,2406.68,insufficient_funds,5,3,0,7.6,False,0,True,retry,0
LOG-00278,2353.68,network_error,10,2,0,85.6,False,2,True,retry,0
LOG-00279,6242.64,insufficient_funds,6,2,0,6.6,False,2,False,retry,0
LOG-00280,3165.01,expired_card,4,1,1,26.3,False,0,False,reminder,0
LOG-00281,5444.84,card_declined,4,1,0,38.5,True,4,False,wait,1
LOG-00282,14364.76,network_error,4,1,0,41.1,False,0,False,retry,0
LOG-00283,7324.5,insufficient_funds,1,2,2,6.8,False,0,True,reminder,0
LOG-00284,8137.25,insufficient_funds,3,1,1,23.8,False,2,True,reminder,0
LOG-00285,30172.17,insufficient_funds,7,0,0,36.2,False,0,False,retry,0
LOG-00286,2518.48,card_declined,4,2,0,5.4,True,1,True,wait,1
LOG-00287,16128.39,card_declined,5,0,2,10.4,False,1,False,reminder,0
LOG-00288,12618.96,insufficient_funds,8,0,0,12.1,False,0,False,retry,1
LOG-00289,2726.38,network_error,3,1,1,14.1,True,1,False,wait,1
LOG-00290,8587.96,insufficient_funds,9,1,1,14.4,False,1,False,reminder,0
LOG-00291,1834.16,insufficient_funds,5,1,1,31.7,False,0,False,reminder,0
LOG-00292,2695.4,insufficient_funds,3,1,2,15.1,False,0,True,payment_link,1
LOG-00293,1052.5,insufficient_funds,4,1,1,8.4,False,1,False,reminder,0
LOG-00294,2394.46,expired_card,5,0,1,4.9,False,2,False,reminder,0
LOG-00295,4196.39,insufficient_funds,7,0,1,4.0,False,2,False,reminder,0
LOG-00296,4340.16,card_declined,4,1,0,15.8,False,1,False,retry,0
LOG-00297,10755.11,network_error,6,0,1,38.9,False,1,False,reminder,1
LOG-00298,2482.26,bank_timeout,10,3,0,51.1,True,0,False,retry,0
LOG-00299,9643.34,card_declined,3,0,3,101.4,False,3,False,escalate,0
LOG-00300,699.38,network_error,7,4,2,61.7,False,2,False,reminder,0
LOG-00301,6195.3,insufficient_funds,6,0,2,3.9,False,0,False,reminder,1
LOG-00302,6302.63,card_declined,4,2,0,1.8,False,1,True,retry,1
LOG-00303,3094.61,network_error,6,3,0,1.8,False,1,False,retry,1
LOG-00304,7725.29,insufficient_funds,6,1,0,22.7,False,0,False,retry,0
LOG-00305,6800.03,insufficient_funds,4,0,0,54.5,False,1,True,retry,1
LOG-00306,5707.2,expired_card,4,0,2,10.1,False,1,False,payment_link,1
LOG-00307,19433.4,network_error,5,1,1,9.4,True,1,False,wait,1
LOG-00308,2800.72,expired_card,6,1,0,13.2,False,0,False,retry,1
LOG-00309,742.21,insufficient_funds,5,0,0,8.9,False,1,False,retry,0
LOG-00310,3716.02,card_declined,4,1,0,30.2,False,0,False,retry,1
LOG-00311,7963.59,insufficient_funds,7,1,3,69.5,False,3,False,escalate,1
LOG-00312,35415.01,bank_timeout,3,3,3,3.2,False,1,True,reminder,0
LOG-00313,3867.2,card_declined,4,3,1,32.2,False,1,True,reminder,1
LOG-00314,1887.2,insufficient_funds,6,1,1,96.3,True,0,True,reminder,0
LOG-00315,1114.8,network_error,3,0,1,113.5,False,0,False,reminder,1
LOG-00316,1154.75,network_error,5,1,1,17.4,False,1,False,reminder,1
LOG-00317,2794.74,expired_card,6,1,0,8.6,True,0,False,wait,1
LOG-00318,1870.23,insufficient_funds,5,1,0,0.8,True,1,False,retry,0
LOG-00319,2063.95,expired_card,6,1,0,33.6,False,2,False,retry,0
LOG-00320,2192.41,expired_card,8,1,2,12.3,False,1,False,payment_link,1
LOG-00321,9362.93,insufficient_funds,3,2,1,52.9,False,0,True,reminder,1
LOG-00322,1297.06,card_declined,4,2,1,1.9,False,0,False,reminder,0
LOG-00323,1353.79,insufficient_funds,6,1,2,35.1,False,0,False,reminder,0
LOG-00324,5686.62,expired_card,7,1,1,1.4,False,0,False,reminder,1
LOG-00325,8030.92,expired_card,3,0,1,1.8,False,0,False,reminder,0
LOG-00326,2587.29,expired_card,9,3,1,12.4,False,1,False,reminder,0
LOG-00327,18511.16,card_declined,7,0,1,7.3,False,1,False,reminder,0
LOG-00328,4139.79,bank_timeout,6,4,0,99.5,False,3,False,retry,0
LOG-00329,2640.24,expired_card,7,2,0,24.0,True,2,False,wait,1
LOG-00330,4331.91,expired_card,7,0,1,3.7,False,2,True,reminder,0
LOG-00331,2995.16,insufficient_funds,2,1,2,0.6,False,0,False,reminder,0
LOG-00332,7546.23,card_declined,7,0,0,2.6,False,0,True,retry,0
LOG-00333,1889.59,network_error,9,0,1,52.1,False,1,False,reminder,0
LOG-00334,17409.65,bank_timeout,7,1,3,48.6,True,0,False,wait,1
LOG-00335,20729.97,insufficient_funds,8,1,2,17.2,False,0,False,reminder,0
LOG-00336,9334.13,network_error,4,2,0,14.7,False,2,False,retry,1
LOG-00337,3475.74,bank_timeout,2,2,1,50.2,True,0,True,wait,1
LOG-00338,1091.02,insufficient_funds,7,2,1,14.6,False,1,False,reminder,0
LOG-00339,28512.87,network_error,6,3,2,67.0,False,2,True,reminder,1
LOG-00340,5985.55,insufficient_funds,9,0,0,3.9,False,0,False,retry,0
LOG-00341,24882.6,insufficient_funds,2,1,1,29.4,False,0,False,reminder,1
LOG-00342,17833.47,expired_card,0,1,2,43.5,True,2,False,wait,0
LOG-00343,2851.72,insufficient_funds,3,1,0,36.2,False,2,False,retry,0
LOG-00344,17173.27,network_error,7,0,2,14.2,False,1,False,payment_link,0
LOG-00345,7438.49,network_error,4,1,0,20.8,False,1,False,retry,1
LOG-00346,1523.18,card_declined,4,0,2,3.1,False,1,True,reminder,0
LOG-00347,3123.8,insufficient_funds,8,0,1,82.3,False,1,False,reminder,1
LOG-00348,4554.2,insufficient_funds,4,1,0,7.6,False,1,False,retry,1
LOG-00349,3884.0,expired_card,7,0,2,19.4,False,1,False,reminder,0
LOG-00350,5332.26,card_declined,6,1,0,6.0,False,2,False,retry,0
LOG-00351,4100.14,network_error,5,1,1,44.2,False,0,False,reminder,1
LOG-00352,11152.36,expired_card,3,1,0,68.3,False,0,False,retry,1
LOG-00353,36052.91,expired_card,8,0,4,1.4,False,0,False,reminder,0
LOG-00354,3834.32,bank_timeout,4,1,0,3.9,False,1,False,retry,1
LOG-00355,10952.87,insufficient_funds,6,0,0,1.0,False,0,False,retry,0
LOG-00356,484.24,bank_timeout,6,0,0,2.1,False,1,False,retry,1
LOG-00357,9857.67,card_declined,12,1,2,14.0,False,0,False,reminder,0
LOG-00358,8251.79,card_declined,7,0,1,31.1,False,2,False,reminder,0
LOG-00359,10346.55,card_declined,5,2,0,2.7,False,1,False,retry,0
LOG-00360,6971.31,insufficient_funds,4,1,4,57.6,False,0,True,escalate,1
LOG-00361,6957.04,insufficient_funds,13,1,0,12.6,False,0,False,retry,1
LOG-00362,4829.37,expired_card,4,1,1,23.6,True,0,False,wait,1
LOG-00363,15659.0,card_declined,6,0,2,18.5,False,0,False,reminder,0
LOG-00364,1753.7,card_declined,4,0,0,80.7,False,1,False,retry,0
LOG-00365,9231.95,insufficient_funds,6,4,2,17.4,False,2,False,payment_link,0
LOG-00366,3904.95,insufficient_funds,1,1,1,59.2,False,0,True,reminder,0
LOG-00367,19585.03,insufficient_funds,8,0,2,48.1,False,0,False,reminder,0
LOG-00368,6636.19,insufficient_funds,3,1,1,112.6,False,0,False,reminder,0
LOG-00369,1461.13,insufficient_funds,9,1,3,16.9,True,1,False,wait,1
LOG-00370,3519.63,insufficient_funds,5,1,0,59.9,False,1,False,retry,0
LOG-00371,3780.9,insufficient_funds,7,0,2,18.8,False,1,False,reminder,1
LOG-00372,8703.23,insufficient_funds,4,0,1,0.2,False,0,False,reminder,1
LOG-00373,564.49,network_error,6,2,2,16.1,False,1,False,reminder,0
LOG-00374,11360.0,expired_card,4,3,1,73.1,False,2,False,reminder,0
LOG-00375,1840.93,insufficient_funds,6,0,3,19.9,False,1,False,reminder,1
LOG-00376,3218.53,card_declined,8,1,1,38.3,False,0,False,reminder,0
LOG-00377,13003.7,card_declined,2,2,0,7.2,False,0,False,retry,0
LOG-00378,5808.94,insufficient_funds,7,1,0,28.9,False,0,True,retry,0
LOG-00379,9997.96,insufficient_funds,5,2,2,37.2,False,1,False,reminder,0
LOG-00380,2175.54,insufficient_funds,3,1,1,13.0,False,0,True,reminder,0
LOG-00381,9421.4,insufficient_funds,1,3,0,16.8,False,1,False,retry,0
LOG-00382,14746.6,insufficient_funds,5,1,2,9.6,False,1,False,payment_link,0
LOG-00383,19760.36,bank_timeout,4,1,0,11.7,False,1,True,retry,1
LOG-00384,42699.47,expired_card,4,1,3,31.4,False,0,False,reminder,0
LOG-00385,6440.07,card_declined,5,1,1,59.7,False,2,False,reminder,0
LOG-00386,3714.77,expired_card,1,0,3,12.5,False,1,False,reminder,0
LOG-00387,4201.55,insufficient_funds,8,2,2,5.2,False,0,True,payment_link,0
LOG-00388,19356.75,card_declined,3,1,0,190.0,False,0,False,retry,0
LOG-00389,5319.32,expired_card,4,0,0,25.9,False,2,False,retry,0
LOG-00390,9860.88,insufficient_funds,4,1,3,8.5,True,2,True,wait,1
LOG-00391,1975.03,card_declined,6,2,3,18.8,False,2,False,reminder,1
LOG-00392,5493.85,card_declined,8,3,1,5.8,False,1,False,reminder,0
LOG-00393,6894.51,insufficient_funds,3,2,1,80.9,False,0,True,reminder,0
LOG-00394,2611.31,card_declined,4,0,3,53.9,False,1,False,reminder,0
LOG-00395,2941.0,card_declined,7,5,1,41.4,False,0,True,reminder,0
LOG-00396,4302.14,card_declined,5,1,1,39.2,False,1,False,reminder,0
LOG-00397,23210.66,insufficient_funds,3,3,0,24.4,False,0,True,retry,0
LOG-00398,9749.76,card_declined,4,2,1,13.9,False,2,False,reminder,0
LOG-00399,9332.92,card_declined,7,0,0,78.5,False,0,False,retry,0
LOG-00400,1502.56,network_error,4,0,2,14.4,False,1,False,payment_link,0
LOG-00401,4830.54,card_declined,6,1,1,50.0,False,1,False,reminder,0
LOG-00402,4067.08,expired_card,4,2,1,52.9,False,1,False,reminder,0
LOG-00403,4272.12,expired_card,4,2,2,36.9,False,1,True,reminder,0
LOG-00404,41887.74,network_error,6,1,1,40.6,False,0,True,reminder,1
LOG-00405,761.76,card_declined,3,0,0,2.9,False,3,True,retry,0
LOG-00406,3928.52,insufficient_funds,2,0,2,6.6,False,1,True,reminder,0
LOG-00407,3564.18,bank_timeout,8,1,1,43.7,True,1,False,wait,1
LOG-00408,7628.96,expired_card,4,1,1,5.6,False,0,False,reminder,1
LOG-00409,4731.23,insufficient_funds,7,4,2,26.2,False,0,False,reminder,0
LOG-00410,4085.66,network_error,3,1,1,37.2,False,1,False,reminder,0
LOG-00411,4246.61,card_declined,9,1,0,31.8,False,2,True,retry,0
LOG-00412,4874.56,insufficient_funds,8,0,2,37.5,False,0,False,reminder,0
LOG-00413,13293.5,insufficient_funds,6,2,0,36.9,False,1,False,retry,0
LOG-00414,4797.28,card_declined,10,2,3,16.3,False,0,False,escalate,0
LOG-00415,1230.76,insufficient_funds,1,0,2,48.9,False,2,False,payment_link,1
LOG-00416,1199.18,expired_card,4,1,1,167.6,False,0,False,reminder,0
LOG-00417,4987.42,card_declined,5,2,1,147.9,False,1,False,reminder,0
LOG-00418,5126.48,insufficient_funds,8,1,0,11.8,False,1,False,retry,1
LOG-00419,24154.24,card_declined,8,1,1,36.3,False,1,False,reminder,0
LOG-00420,5652.39,bank_timeout,6,1,2,23.2,False,2,False,payment_link,0
LOG-00421,2221.66,insufficient_funds,4,0,1,9.0,False,0,False,reminder,0
LOG-00422,9085.82,insufficient_funds,4,2,1,15.1,False,0,False,reminder,0
LOG-00423,7076.37,bank_timeout,6,3,0,15.0,False,0,True,retry,1
LOG-00424,5964.07,card_declined,2,3,1,32.7,True,5,False,wait,1
LOG-00425,13849.29,insufficient_funds,7,1,1,24.3,False,0,False,reminder,0
LOG-00426,4836.38,insufficient_funds,1,1,1,10.2,False,0,False,reminder,1
LOG-00427,10459.53,insufficient_funds,6,1,3,9.1,True,2,False,wait,1
LOG-00428,7741.13,expired_card,3,0,2,2.2,False,1,False,reminder,1
LOG-00429,859.8,network_error,1,3,2,2.1,False,1,False,reminder,1
LOG-00430,4189.46,card_declined,5,1,2,48.5,False,0,False,payment_link,0
LOG-00431,7101.68,card_declined,7,1,3,24.6,False,1,False,reminder,0
LOG-00432,8308.75,network_error,5,1,0,17.8,False,0,False,retry,1
LOG-00433,3655.01,network_error,2,0,3,47.0,False,1,False,escalate,1
LOG-00434,2901.44,bank_timeout,5,0,1,20.2,False,2,False,reminder,0
LOG-00435,77155.43,network_error,6,1,0,6.3,False,1,True,retry,1
LOG-00436,9014.53,card_declined,6,3,1,0.8,True,1,False,wait,1
LOG-00437,430.88,card_declined,7,2,1,28.2,False,0,False,reminder,0
LOG-00438,46071.45,bank_timeout,3,0,2,6.2,False,0,True,reminder,0
LOG-00439,553.16,network_error,10,2,1,14.9,False,0,False,reminder,0
LOG-00440,12330.17,card_declined,7,0,1,39.0,True,1,True,wait,0
LOG-00441,2510.43,insufficient_funds,4,3,1,122.8,False,0,False,reminder,1
LOG-00442,9801.07,insufficient_funds,3,0,1,48.8,False,1,False,reminder,1
LOG-00443,6090.31,card_declined,6,1,1,1.9,False,1,False,reminder,0
LOG-00444,2952.7,card_declined,7,1,0,3.7,False,0,False,retry,1
LOG-00445,8613.04,network_error,6,1,0,28.9,False,1,False,retry,0
LOG-00446,4369.24,insufficient_funds,3,0,2,123.2,False,0,False,payment_link,1
LOG-00447,1154.97,expired_card,5,0,0,0.8,False,1,True,retry,1
LOG-00448,3160.3,insufficient_funds,4,4,0,66.0,False,1,False,retry,0
LOG-00449,11566.06,network_error,2,1,2,92.9,False,1,False,reminder,0
LOG-00450,12272.04,card_declined,3,1,0,9.3,False,2,True,retry,0
LOG-00451,25324.41,insufficient_funds,6,1,1,28.6,False,0,False,reminder,0
LOG-00452,5026.14,insufficient_funds,6,1,0,22.5,False,0,False,retry,0
LOG-00453,10586.58,insufficient_funds,12,5,1,14.9,False,0,False,reminder,1
LOG-00454,3529.18,insufficient_funds,3,2,4,30.4,False,0,False,reminder,0
LOG-00455,8976.99,card_declined,4,1,1,24.1,True,1,False,reminder,1
LOG-00456,1269.95,network_error,4,1,0,1.8,False,2,False,retry,1
LOG-00457,3529.72,network_error,3,2,1,81.6,False,0,False,reminder,0
LOG-00458,16918.18,card_declined,6,1,0,8.0,False,0,False,retry,1
LOG-00459,6509.44,network_error,5,2,0,31.6,False,0,False,retry,1
LOG-00460,4903.27,expired_card,6,1,1,73.7,False,0,False,reminder,0
LOG-00461,5606.21,expired_card,5,0,0,46.6,False,1,False,retry,0
LOG-00462,327.1,card_declined,3,1,0,78.4,False,2,False,retry,0
LOG-00463,10584.28,expired_card,1,1,2,121.7,False,3,False,reminder,0
LOG-00464,7480.06,card_declined,6,0,0,103.1,False,0,False,retry,0
LOG-00465,20562.96,insufficient_funds,1,0,0,5.2,False,0,False,retry,1
LOG-00466,1191.86,card_declined,8,3,0,18.9,False,0,False,retry,0
LOG-00467,752.26,insufficient_funds,5,1,0,0.4,True,0,False,wait,0
LOG-00468,28521.56,insufficient_funds,3,1,1,62.0,False,2,False,reminder,0
LOG-00469,8217.53,bank_timeout,7,2,3,7.2,False,0,False,escalate,0
LOG-00470,2464.5,bank_timeout,3,1,0,10.3,False,0,False,retry,1
LOG-00471,3401.42,card_declined,3,2,2,19.2,False,1,False,reminder,1
LOG-00472,4523.99,bank_timeout,3,0,0,7.3,False,1,False,retry,1
LOG-00473,2552.35,card_declined,10,1,1,8.1,False,0,False,reminder,0
LOG-00474,1562.53,bank_timeout,6,0,0,37.9,False,1,False,retry,1
LOG-00475,15539.58,expired_card,7,1,0,45.4,False,0,False,retry,0
LOG-00476,11545.28,bank_timeout,6,3,2,9.1,False,1,False,reminder,0
LOG-00477,12145.68,bank_timeout,6,1,0,45.4,False,0,False,retry,0
LOG-00478,3702.99,insufficient_funds,4,1,0,18.0,False,0,False,retry,0
LOG-00479,3143.58,insufficient_funds,2,2,1,9.6,False,2,False,reminder,0
LOG-00480,1312.22,expired_card,4,1,0,4.1,False,1,False,retry,0
LOG-00481,3108.7,network_error,3,1,1,50.9,True,1,False,reminder,0
LOG-00482,1664.61,network_error,5,2,0,61.7,False,1,False,retry,0
LOG-00483,4275.87,network_error,4,1,2,33.2,False,0,False,reminder,1
LOG-00484,25334.92,insufficient_funds,11,1,2,27.4,False,1,False,reminder,1
LOG-00485,16350.72,card_declined,2,2,1,13.0,False,1,False,reminder,0
LOG-00486,538.91,bank_timeout,7,1,0,2.4,False,1,True,retry,1
LOG-00487,16645.09,expired_card,4,0,1,5.7,False,1,True,reminder,0
LOG-00488,1873.1,insufficient_funds,10,3,2,10.3,True,0,False,wait,1
LOG-00489,4898.78,network_error,5,1,1,29.9,False,1,False,reminder,0
LOG-00490,1771.66,insufficient_funds,3,1,0,55.0,False,2,False,retry,0
LOG-00491,11722.9,insufficient_funds,7,2,0,38.2,True,0,True,wait,1
LOG-00492,7444.57,insufficient_funds,3,2,0,65.6,False,1,False,retry,0
LOG-00493,18703.25,network_error,3,1,0,48.2,False,1,True,retry,1
LOG-00494,10083.36,card_declined,6,1,0,24.2,False,1,False,retry,0
LOG-00495,2106.5,expired_card,3,1,0,22.6,False,3,False,retry,0
LOG-00496,2149.95,insufficient_funds,6,2,0,39.0,True,1,False,wait,1
LOG-00497,1172.57,insufficient_funds,7,2,1,32.1,False,3,False,reminder,0
LOG-00498,6389.17,insufficient_funds,5,1,1,31.0,False,0,True,reminder,1
LOG-00499,3333.05,insufficient_funds,4,1,0,50.9,False,0,True,retry,0
LOG-00500,9831.65,insufficient_funds,6,1,0,74.2,False,1,False,retry,0
LOG-00501,3116.54,expired_card,6,0,1,10.6,False,0,False,reminder,0
LOG-00502,24578.66,network_error,8,1,2,1.4,False,0,False,reminder,0
LOG-00503,3085.06,expired_card,5,1,0,6.2,False,1,False,retry,0
LOG-00504,3837.82,insufficient_funds,4,0,0,103.4,True,0,True,wait,0
LOG-00505,8178.51,bank_timeout,5,2,1,12.8,True,0,False,reminder,0
LOG-00506,14957.23,expired_card,3,2,2,12.3,True,0,False,reminder,1
LOG-00507,12519.22,card_declined,5,1,0,8.1,True,0,False,wait,1
LOG-00508,3427.94,insufficient_funds,2,1,1,118.4,True,2,False,wait,0
LOG-00509,46719.06,expired_card,3,1,0,21.1,True,2,True,retry,0
LOG-00510,1250.89,insufficient_funds,7,2,1,49.2,False,0,False,reminder,0
LOG-00511,2729.19,expired_card,4,1,0,2.4,False,1,False,retry,1
LOG-00512,11377.54,insufficient_funds,7,2,0,89.7,False,0,False,retry,0
LOG-00513,1452.25,insufficient_funds,5,1,0,0.2,False,1,False,retry,1
LOG-00514,3786.0,bank_timeout,6,0,0,3.4,False,3,False,retry,1
LOG-00515,747.45,expired_card,4,0,1,7.2,True,0,True,wait,1
LOG-00516,5771.03,network_error,3,0,1,9.0,False,0,False,reminder,0
LOG-00517,751.23,network_error,3,3,1,82.2,False,1,False,reminder,0
LOG-00518,1311.14,insufficient_funds,4,0,1,0.4,False,3,False,reminder,0
LOG-00519,879.35,card_declined,5,1,1,7.9,False,1,False,reminder,0
LOG-00520,8221.7,bank_timeout,7,0,2,7.3,False,4,False,reminder,0
LOG-00521,20638.08,insufficient_funds,5,2,1,1.8,False,0,False,reminder,0
LOG-00522,7051.86,expired_card,3,2,0,22.8,True,0,False,wait,1
LOG-00523,30893.85,card_declined,2,1,2,36.0,False,1,False,payment_link,1
LOG-00524,8681.55,expired_card,6,1,1,13.2,False,0,False,reminder,0
LOG-00525,307.18,insufficient_funds,2,0,1,81.0,True,0,False,wait,1
LOG-00526,4316.82,card_declined,10,0,0,0.1,False,1,False,retry,1
LOG-00527,4613.86,network_error,8,0,0,11.5,False,1,False,retry,1
LOG-00528,906.87,network_error,2,0,0,4.9,False,0,False,retry,0
LOG-00529,2407.57,card_declined,8,1,0,13.5,False,1,False,retry,0
LOG-00530,781.65,insufficient_funds,3,1,3,15.8,False,1,True,escalate,0
LOG-00531,9789.47,network_error,4,2,1,73.1,False,0,False,reminder,1
LOG-00532,4582.12,insufficient_funds,10,0,1,14.0,False,1,False,reminder,1
LOG-00533,1672.37,insufficient_funds,8,3,1,31.9,False,1,False,reminder,0
LOG-00534,16866.09,bank_timeout,6,0,1,11.9,True,0,False,reminder,0
LOG-00535,4038.27,expired_card,2,2,2,7.7,False,2,False,reminder,1
LOG-00536,3970.79,card_declined,7,0,2,3.4,False,1,False,reminder,1
LOG-00537,3018.52,card_declined,4,1,0,13.4,True,1,False,wait,0
LOG-00538,3841.53,card_declined,7,1,0,17.3,False,0,False,retry,0
LOG-00539,3541.13,card_declined,5,1,1,0.8,False,1,False,reminder,1
LOG-00540,15803.05,bank_timeout,5,2,1,31.9,False,1,False,reminder,0
LOG-00541,1177.4,insufficient_funds,5,0,2,0.4,False,1,True,reminder,0
LOG-00542,5767.02,expired_card,6,2,2,2.0,False,1,False,reminder,0
LOG-00543,1197.52,insufficient_funds,7,1,2,15.6,False,0,True,reminder,0
LOG-00544,2309.93,card_declined,5,1,2,27.2,False,1,False,payment_link,1
LOG-00545,2226.74,card_declined,6,1,2,10.7,False,0,False,reminder,0
LOG-00546,24166.28,card_declined,7,0,1,25.4,False,2,False,reminder,0
LOG-00547,953.02,expired_card,3,2,0,22.4,True,3,False,retry,0
LOG-00548,13758.74,insufficient_funds,5,2,0,45.9,False,1,True,retry,0
LOG-00549,1613.83,network_error,4,0,0,14.0,False,2,False,retry,1
LOG-00550,10064.13,expired_card,12,0,1,56.5,False,1,True,reminder,1
LOG-00551,8276.5,insufficient_funds,8,1,2,24.7,True,0,False,reminder,0
LOG-00552,5141.04,bank_timeout,5,1,1,14.4,True,2,False,reminder,1
LOG-00553,2174.1,insufficient_funds,4,2,2,65.9,False,0,False,reminder,0
LOG-00554,5433.27,card_declined,2,1,0,6.1,False,1,False,retry,0
LOG-00555,1807.67,insufficient_funds,1,0,4,3.7,False,1,False,reminder,0
LOG-00556,11097.82,expired_card,5,1,1,80.5,False,0,False,reminder,1
LOG-00557,10640.37,insufficient_funds,7,0,0,8.1,False,1,False,retry,0
LOG-00558,1584.27,network_error,5,2,1,12.8,False,2,False,reminder,0
LOG-00559,6571.09,network_error,3,0,2,18.2,False,1,False,reminder,1
LOG-00560,11473.09,card_declined,8,0,0,19.7,False,0,False,retry,1
LOG-00561,11281.81,bank_timeout,4,0,1,2.9,False,1,False,reminder,0
LOG-00562,3073.07,card_declined,2,2,1,33.0,False,0,False,reminder,0
LOG-00563,10079.47,insufficient_funds,5,3,4,24.3,False,0,False,reminder,0
LOG-00564,6927.07,card_declined,7,0,2,84.9,False,0,False,payment_link,1
LOG-00565,602.74,bank_timeout,4,0,1,19.8,False,1,False,reminder,0
LOG-00566,4614.28,card_declined,6,3,2,50.6,False,0,False,reminder,0
LOG-00567,5790.4,bank_timeout,7,0,3,82.5,False,2,False,reminder,0
LOG-00568,1428.33,card_declined,7,0,0,14.4,False,0,False,retry,1
LOG-00569,42558.03,insufficient_funds,4,2,1,35.9,False,1,True,reminder,0
LOG-00570,3891.96,card_declined,8,2,0,4.2,False,0,False,retry,0
LOG-00571,4564.79,card_declined,5,2,0,2.5,False,1,True,retry,0
LOG-00572,2907.45,insufficient_funds,6,1,0,18.4,False,5,True,retry,0
LOG-00573,19716.27,expired_card,2,1,0,2.7,False,0,False,retry,1
LOG-00574,4166.69,expired_card,5,0,3,53.7,True,3,False,wait,0
LOG-00575,5794.81,card_declined,2,2,2,3.5,False,1,False,payment_link,1
LOG-00576,13318.0,card_declined,3,0,0,25.1,False,0,False,retry,0
LOG-00577,4082.62,insufficient_funds,2,2,1,17.1,True,0,False,reminder,0
LOG-00578,9150.58,insufficient_funds,2,3,2,40.1,False,1,False,reminder,0
LOG-00579,37647.36,insufficient_funds,5,0,0,50.4,False,1,True,retry,0
LOG-00580,2758.72,card_declined,2,1,1,10.3,False,0,False,reminder,0
LOG-00581,8793.41,card_declined,6,0,1,30.6,False,3,False,reminder,0
LOG-00582,2800.85,insufficient_funds,5,0,1,9.3,False,0,True,reminder,1
LOG-00583,3601.88,insufficient_funds,5,1,4,1.9,False,1,False,reminder,0
LOG-00584,4605.56,card_declined,4,2,1,7.4,False,1,True,reminder,0
LOG-00585,2486.88,network_error,8,1,1,16.4,False,0,False,reminder,0
LOG-00586,2293.67,card_declined,3,1,0,34.2,False,3,True,retry,0
LOG-00587,3090.9,insufficient_funds,4,1,1,80.0,False,3,False,reminder,0
LOG-00588,6356.77,insufficient_funds,3,2,0,4.2,False,1,False,retry,0
LOG-00589,3736.74,insufficient_funds,5,0,0,21.2,False,2,True,retry,0
LOG-00590,3199.6,card_declined,2,1,1,62.8,False,0,False,reminder,1
LOG-00591,28443.47,insufficient_funds,1,0,3,93.9,False,2,False,reminder,1
LOG-00592,507.3,card_declined,1,1,0,30.8,False,1,False,retry,0
LOG-00593,568.56,card_declined,1,1,0,2.6,False,0,False,retry,1
LOG-00594,4299.51,insufficient_funds,4,2,2,34.3,True,0,False,wait,0
LOG-00595,3324.45,insufficient_funds,4,2,0,57.8,False,0,False,retry,0
LOG-00596,19004.87,network_error,7,1,1,27.7,False,1,False,reminder,0
LOG-00597,6104.46,insufficient_funds,8,0,0,76.3,False,0,False,retry,0
LOG-00598,3989.42,card_declined,4,1,0,1.9,True,0,False,wait,0
LOG-00599,1548.93,expired_card,3,0,1,44.4,False,0,False,reminder,0
LOG-00600,3428.32,expired_card,4,2,3,23.7,False,1,False,reminder,0
LOG-00601,3009.34,expired_card,6,3,1,30.2,False,1,False,reminder,0
LOG-00602,14153.38,card_declined,0,0,0,54.0,False,1,False,retry,0
LOG-00603,8004.7,network_error,4,1,0,37.5,False,2,False,retry,1
LOG-00604,19616.1,card_declined,3,2,0,73.2,False,0,False,retry,0
LOG-00605,1960.02,insufficient_funds,4,0,1,76.5,False,1,False,reminder,0
LOG-00606,6506.88,network_error,7,1,0,33.1,True,1,False,wait,1
LOG-00607,13696.28,network_error,4,0,1,0.8,False,0,False,reminder,0
LOG-00608,10812.4,bank_timeout,1,0,0,0.7,False,1,False,retry,1
LOG-00609,7162.56,insufficient_funds,6,2,0,40.0,False,2,False,retry,0
LOG-00610,21133.54,network_error,9,0,1,14.2,False,0,False,reminder,1
LOG-00611,1510.36,card_declined,2,1,0,51.7,False,0,False,retry,0
LOG-00612,1970.34,network_error,6,0,0,17.6,False,0,False,retry,1
LOG-00613,1375.36,expired_card,8,0,0,0.2,False,0,False,retry,1
LOG-00614,3192.96,insufficient_funds,8,1,1,9.0,False,0,False,reminder,0
LOG-00615,277.32,expired_card,6,4,4,59.5,False,0,False,escalate,0
LOG-00616,1275.59,insufficient_funds,9,2,0,37.2,False,0,False,retry,0
LOG-00617,4699.18,insufficient_funds,6,1,1,4.2,True,1,False,wait,1
LOG-00618,24853.77,insufficient_funds,4,1,2,16.7,False,0,True,reminder,0
LOG-00619,3278.03,bank_timeout,5,2,1,32.2,False,0,False,reminder,0
LOG-00620,6303.57,card_declined,3,1,3,10.4,True,1,False,wait,1
LOG-00621,12967.19,bank_timeout,4,2,2,6.6,False,1,False,reminder,0
LOG-00622,5191.67,insufficient_funds,2,2,1,41.3,False,1,False,reminder,0
LOG-00623,17620.13,insufficient_funds,3,1,2,18.8,False,1,False,reminder,0
LOG-00624,6791.71,card_declined,3,0,0,22.2,False,0,False,retry,1
LOG-00625,546.41,insufficient_funds,6,1,1,95.8,False,0,False,reminder,1
LOG-00626,2491.09,network_error,8,2,0,29.1,False,3,False,retry,1
LOG-00627,36951.54,network_error,4,1,3,43.1,True,1,False,wait,1
LOG-00628,2105.06,network_error,4,2,2,37.3,False,0,False,reminder,0
LOG-00629,816.26,expired_card,1,0,0,3.8,True,0,False,wait,1
LOG-00630,1861.36,network_error,9,1,1,9.2,True,0,False,reminder,0
LOG-00631,4927.15,bank_timeout,4,0,2,9.7,True,3,False,reminder,0
LOG-00632,6880.15,bank_timeout,7,0,1,40.6,True,0,False,wait,1
LOG-00633,1349.01,insufficient_funds,4,0,0,35.1,False,1,False,retry,0
LOG-00634,12904.63,expired_card,4,1,3,2.5,False,3,False,escalate,0
LOG-00635,12104.81,network_error,7,2,1,18.8,False,1,False,reminder,0
LOG-00636,4104.47,expired_card,3,0,1,31.2,True,1,False,reminder,0
LOG-00637,16134.07,card_declined,5,0,1,10.2,False,0,False,reminder,1
LOG-00638,3238.7,insufficient_funds,4,4,1,23.9,True,0,True,wait,0
LOG-00639,1324.39,card_declined,6,0,2,61.6,True,0,False,wait,1
LOG-00640,5447.35,insufficient_funds,8,3,4,12.4,False,1,False,escalate,0
LOG-00641,3274.13,card_declined,7,0,0,97.9,False,0,False,retry,0
LOG-00642,4884.05,insufficient_funds,10,2,1,36.5,False,0,True,reminder,1
LOG-00643,18128.57,expired_card,3,2,2,1.8,False,1,True,reminder,0
LOG-00644,17820.72,card_declined,0,0,2,16.8,False,0,False,payment_link,0
LOG-00645,5588.5,expired_card,5,0,0,36.9,False,1,True,retry,0
LOG-00646,19223.46,card_declined,6,1,0,9.7,False,1,False,retry,0
LOG-00647,3392.41,card_declined,4,2,0,21.6,False,2,True,retry,0
LOG-00648,18285.92,card_declined,5,0,1,26.6,False,1,False,reminder,0
LOG-00649,2401.47,card_declined,4,2,0,6.7,False,2,False,retry,0
LOG-00650,4977.8,expired_card,8,3,2,2.4,False,1,False,reminder,0
LOG-00651,7885.02,card_declined,8,3,1,64.7,False,1,False,reminder,0
LOG-00652,9381.79,insufficient_funds,3,0,1,13.8,False,2,False,reminder,0
LOG-00653,2570.66,insufficient_funds,3,1,1,38.7,False,0,True,reminder,0
LOG-00654,1999.77,expired_card,3,0,0,20.1,False,1,False,retry,0
LOG-00655,20923.37,insufficient_funds,10,1,0,53.9,False,1,True,retry,0
LOG-00656,8765.32,card_declined,4,0,1,20.6,False,0,False,reminder,0
LOG-00657,1850.19,insufficient_funds,7,2,1,13.9,False,1,False,reminder,1
LOG-00658,6609.06,expired_card,6,1,0,3.5,False,0,False,retry,0
LOG-00659,41495.1,insufficient_funds,2,2,2,58.2,False,1,False,payment_link,1
LOG-00660,3762.81,expired_card,3,3,0,22.1,False,2,False,retry,1
LOG-00661,3861.84,expired_card,5,1,0,22.9,False,1,False,retry,0
LOG-00662,7426.85,insufficient_funds,2,0,0,92.4,False,1,False,retry,0
LOG-00663,4309.12,expired_card,4,2,0,3.4,True,1,False,retry,1
LOG-00664,7404.5,card_declined,5,1,0,17.6,False,0,False,retry,1
LOG-00665,4112.01,card_declined,8,2,0,31.2,False,0,False,retry,0
LOG-00666,4492.75,bank_timeout,5,1,0,39.4,False,0,False,retry,0
LOG-00667,11587.26,card_declined,3,1,0,48.5,False,2,False,retry,0
LOG-00668,4671.91,insufficient_funds,7,1,1,35.6,False,0,False,reminder,0
LOG-00669,3831.13,network_error,8,0,1,53.1,True,0,False,wait,0
LOG-00670,1007.55,card_declined,4,2,1,9.3,False,1,False,reminder,0
LOG-00671,65557.69,insufficient_funds,8,2,2,127.1,False,0,False,reminder,0
LOG-00672,9786.98,insufficient_funds,2,1,0,13.1,True,0,True,wait,1
LOG-00673,3527.51,network_error,4,4,1,2.7,False,0,False,reminder,0
LOG-00674,7765.44,insufficient_funds,7,2,2,1.7,False,1,False,reminder,0
LOG-00675,4552.11,card_declined,5,2,1,24.9,True,0,False,wait,1
LOG-00676,18512.19,insufficient_funds,7,1,0,107.0,False,2,True,retry,0
LOG-00677,8535.09,insufficient_funds,6,2,1,1.3,False,2,True,reminder,0
LOG-00678,10557.18,bank_timeout,2,1,2,49.4,False,0,False,payment_link,1
LOG-00679,35789.38,insufficient_funds,4,1,0,51.9,False,0,True,retry,0
LOG-00680,23125.95,insufficient_funds,5,1,0,11.2,False,1,False,retry,0
LOG-00681,7429.64,card_declined,1,1,1,27.3,False,2,False,reminder,0
LOG-00682,4142.39,card_declined,8,0,1,4.1,False,1,False,reminder,0
LOG-00683,1486.04,bank_timeout,3,0,0,2.9,False,2,False,retry,0
LOG-00684,1114.0,expired_card,1,0,1,2.0,False,0,True,reminder,0
LOG-00685,985.39,insufficient_funds,6,2,2,19.9,False,0,False,payment_link,0
LOG-00686,5866.37,expired_card,8,0,1,101.9,False,3,False,reminder,1
LOG-00687,13572.62,insufficient_funds,3,1,0,9.2,True,0,True,retry,0
LOG-00688,2288.94,card_declined,4,0,1,73.9,True,2,True,wait,1
LOG-00689,2245.25,insufficient_funds,11,0,0,10.9,True,0,False,wait,1
LOG-00690,2219.95,network_error,3,1,3,12.9,False,1,True,reminder,0
LOG-00691,1081.47,insufficient_funds,7,1,1,6.4,False,1,False,reminder,0
LOG-00692,2781.19,network_error,3,1,0,12.1,False,1,False,retry,1
LOG-00693,8295.54,insufficient_funds,7,1,2,9.4,False,0,False,reminder,0
LOG-00694,1159.77,card_declined,3,1,1,4.6,False,1,True,reminder,0
LOG-00695,5008.22,card_declined,3,0,2,17.7,False,3,True,payment_link,1
LOG-00696,5507.46,card_declined,5,2,1,1.7,False,1,False,reminder,1
LOG-00697,1439.64,insufficient_funds,5,1,1,11.8,False,1,False,reminder,1
LOG-00698,11623.53,bank_timeout,3,2,0,35.7,False,2,False,retry,0
LOG-00699,4040.91,insufficient_funds,2,2,0,42.8,True,2,False,retry,0
LOG-00700,3093.6,card_declined,1,1,2,27.6,False,0,False,reminder,0
LOG-00701,6442.89,expired_card,6,3,2,5.9,False,1,False,reminder,0
LOG-00702,9814.26,card_declined,3,0,1,18.4,False,1,False,reminder,1
LOG-00703,40347.11,expired_card,2,2,1,8.2,False,1,False,reminder,1
LOG-00704,4461.31,expired_card,2,0,1,51.2,False,0,False,reminder,0
LOG-00705,24009.13,card_declined,4,1,0,47.2,False,1,False,retry,0
LOG-00706,1879.55,insufficient_funds,8,2,0,36.9,False,0,False,retry,0
LOG-00707,21483.83,insufficient_funds,4,1,0,2.3,False,0,True,retry,1
LOG-00708,22080.54,expired_card,2,1,2,113.9,False,1,False,payment_link,1
LOG-00709,11188.86,network_error,8,2,1,40.9,False,2,False,reminder,0
LOG-00710,534.2,bank_timeout,7,1,0,9.6,False,0,False,retry,1
LOG-00711,2323.77,network_error,6,2,2,2.9,False,0,False,reminder,0
LOG-00712,5582.85,insufficient_funds,5,1,1,56.8,False,1,False,reminder,0
LOG-00713,1995.83,expired_card,2,1,1,56.2,False,2,False,reminder,0
LOG-00714,26464.4,insufficient_funds,5,1,0,17.0,False,3,False,retry,1
LOG-00715,4537.3,card_declined,6,1,1,5.8,False,1,False,reminder,0
LOG-00716,9471.08,network_error,4,2,1,97.0,False,0,True,reminder,0
LOG-00717,6644.11,network_error,5,4,3,12.6,False,0,False,escalate,0
LOG-00718,731.43,insufficient_funds,4,1,1,7.9,False,0,False,reminder,0
LOG-00719,12527.92,insufficient_funds,8,2,1,43.2,False,1,False,reminder,1
LOG-00720,6542.07,bank_timeout,4,6,1,19.7,False,1,False,reminder,0
LOG-00721,14961.2,bank_timeout,4,1,1,80.3,False,0,False,reminder,0
LOG-00722,5396.63,insufficient_funds,4,1,1,27.1,False,0,False,reminder,0
LOG-00723,5100.57,insufficient_funds,2,6,3,20.0,False,1,False,escalate,0
LOG-00724,6921.58,network_error,7,3,1,39.3,False,1,False,reminder,0
LOG-00725,1761.77,insufficient_funds,5,0,1,12.5,False,1,False,reminder,0
LOG-00726,1957.56,insufficient_funds,9,1,1,54.5,False,0,True,reminder,0
LOG-00727,10710.12,bank_timeout,5,2,2,50.1,False,0,False,payment_link,0
LOG-00728,2406.84,insufficient_funds,5,1,1,9.5,False,2,False,reminder,0
LOG-00729,3020.75,expired_card,11,2,1,7.8,False,0,False,reminder,0
LOG-00730,30635.78,insufficient_funds,9,1,2,37.4,False,0,False,reminder,0
LOG-00731,10060.66,expired_card,4,1,0,35.0,True,4,True,wait,1
LOG-00732,5837.1,insufficient_funds,8,0,2,9.7,False,2,False,reminder,0
LOG-00733,11731.84,insufficient_funds,2,1,0,15.3,False,0,False,retry,0
LOG-00734,18221.71,insufficient_funds,1,0,0,28.3,False,1,True,retry,0
LOG-00735,2680.96,card_declined,2,2,1,21.2,False,0,False,reminder,0
LOG-00736,20979.2,expired_card,10,1,1,17.2,False,1,False,reminder,0
LOG-00737,4960.7,insufficient_funds,6,0,2,23.5,False,0,False,reminder,1
LOG-00738,7320.84,network_error,4,2,1,27.1,False,1,True,reminder,1
LOG-00739,3127.06,network_error,3,0,0,4.4,False,1,False,retry,1
LOG-00740,10561.58,network_error,1,3,2,11.4,False,0,False,payment_link,0
LOG-00741,10643.28,bank_timeout,10,0,1,21.9,False,0,False,reminder,1
LOG-00742,672.2,expired_card,4,1,2,7.2,False,1,False,reminder,0
LOG-00743,892.33,network_error,6,0,1,44.9,False,0,False,reminder,0
LOG-00744,8390.81,network_error,4,1,0,25.9,True,1,False,wait,1
LOG-00745,1846.92,expired_card,4,2,3,21.2,False,0,False,escalate,0
LOG-00746,6705.7,insufficient_funds,5,0,1,1.9,False,1,False,reminder,0
LOG-00747,5769.63,bank_timeout,7,1,4,19.5,False,1,False,escalate,0
LOG-00748,1724.78,insufficient_funds,9,2,0,2.3,False,4,False,retry,1
LOG-00749,11192.23,card_declined,5,6,0,0.4,True,0,False,wait,0
LOG-00750,3547.23,insufficient_funds,4,1,4,25.3,False,1,False,escalate,1
LOG-00751,10800.74,expired_card,2,0,1,62.1,False,1,False,reminder,0
LOG-00752,19231.08,card_declined,6,2,4,71.2,False,0,False,escalate,0
LOG-00753,1175.28,expired_card,3,0,1,62.0,False,1,False,reminder,1
LOG-00754,4635.03,expired_card,3,2,0,52.1,False,1,False,retry,0
LOG-00755,24927.13,insufficient_funds,6,0,1,13.8,False,1,True,reminder,1
LOG-00756,2408.73,expired_card,4,1,1,12.8,False,4,False,reminder,0
LOG-00757,10254.24,expired_card,6,1,2,11.1,True,0,True,wait,1
LOG-00758,4600.77,insufficient_funds,6,2,0,109.6,False,0,False,retry,0
LOG-00759,2114.89,expired_card,6,0,2,13.8,False,2,False,reminder,0
LOG-00760,4625.41,insufficient_funds,6,1,1,7.3,False,0,False,reminder,0
LOG-00761,2488.24,expired_card,5,1,1,27.9,False,0,False,reminder,0
LOG-00762,2138.69,expired_card,9,2,1,68.9,False,0,False,reminder,0
LOG-00763,2296.42,card_declined,2,0,1,53.9,True,1,False,wait,0
LOG-00764,2716.6,insufficient_funds,6,2,0,1.6,False,0,False,retry,1
LOG-00765,1952.02,insufficient_funds,3,3,2,23.8,False,1,True,payment_link,0
LOG-00766,1934.56,expired_card,0,1,3,58.5,False,0,False,escalate,1
LOG-00767,33533.32,insufficient_funds,8,0,1,2.3,False,1,True,reminder,0
LOG-00768,31917.28,network_error,5,1,1,34.0,False,1,False,reminder,1
LOG-00769,14107.13,insufficient_funds,5,0,0,50.5,True,1,False,wait,0
LOG-00770,2230.53,expired_card,4,2,2,16.6,False,0,False,payment_link,1
LOG-00771,18973.88,card_declined,5,4,1,114.3,False,0,False,reminder,0
LOG-00772,11138.81,network_error,8,1,2,20.3,True,0,False,wait,1
LOG-00773,586.63,network_error,6,2,1,54.3,False,2,False,reminder,0
LOG-00774,1771.52,network_error,6,1,1,1.0,False,2,False,reminder,0
LOG-00775,1020.79,network_error,10,2,1,1.4,False,0,False,reminder,0
LOG-00776,11624.83,insufficient_funds,6,1,1,105.2,False,1,False,reminder,0
LOG-00777,8531.96,network_error,9,1,1,4.8,False,2,False,reminder,0
LOG-00778,2077.3,card_declined,4,2,1,19.6,True,1,False,wait,1
LOG-00779,13108.55,insufficient_funds,5,1,2,37.1,False,0,False,reminder,0
LOG-00780,1676.81,expired_card,3,1,1,4.9,False,0,False,reminder,0
LOG-00781,7399.07,bank_timeout,3,1,2,15.7,True,1,True,wait,1
LOG-00782,2726.69,insufficient_funds,5,1,1,80.7,False,1,False,reminder,1
LOG-00783,6193.48,insufficient_funds,6,1,2,11.2,False,0,False,reminder,0
LOG-00784,1836.6,network_error,5,0,2,18.6,False,0,False,payment_link,1
LOG-00785,6224.77,insufficient_funds,3,1,0,27.4,False,0,True,retry,0
LOG-00786,4990.46,insufficient_funds,1,0,0,131.9,False,1,False,retry,0
LOG-00787,1323.55,insufficient_funds,5,1,1,11.1,False,1,True,reminder,1
LOG-00788,2322.61,expired_card,4,0,1,5.5,False,1,False,reminder,0
LOG-00789,9789.41,insufficient_funds,3,2,0,39.9,True,1,False,wait,1
LOG-00790,2236.68,card_declined,1,1,2,20.3,False,1,False,reminder,0
LOG-00791,19390.61,card_declined,5,1,0,31.3,False,3,False,retry,0
LOG-00792,31332.06,insufficient_funds,4,1,0,15.1,False,1,False,retry,0
LOG-00793,8230.94,insufficient_funds,5,0,2,28.6,False,0,False,reminder,0
LOG-00794,11596.22,network_error,4,2,0,60.9,True,1,False,wait,1
LOG-00795,10757.21,bank_timeout,8,1,2,9.0,False,1,False,reminder,0
LOG-00796,11768.44,expired_card,4,2,0,7.7,False,0,False,retry,0
LOG-00797,6027.95,expired_card,1,0,0,35.0,False,1,False,retry,1
LOG-00798,388.95,card_declined,3,0,1,88.4,False,0,False,reminder,1
LOG-00799,14790.78,insufficient_funds,5,3,3,57.1,False,0,True,escalate,0
